{"cameraMode":{"drawMode":0,"name":"Shaded","section":"Shading Mode"},"sceneLighting":false,"audioPlay":false,"sceneViewState":{"showFog":true,"showMaterialUpdate":false,"showSkybox":false,"showFlares":true,"showImageEffects":true,"showParticleSystems":true,"showVisualEffectGraphs":true,"m_FxEnabled":true},"in2DMode":false,"pivot":{"x":9.325897216796875,"y":11.490740776062012,"z":3.799844741821289},"rotation":{"x":-0.0010642295237630606,"y":-0.9986141324043274,"z":0.022783756256103517,"w":-0.047676291316747668},"size":13.979337692260743,"orthographic":false}