{"cameraMode":{"drawMode":0,"name":"Shaded","section":"Shading Mode"},"sceneLighting":false,"audioPlay":false,"sceneViewState":{"showFog":true,"showMaterialUpdate":false,"showSkybox":false,"showFlares":true,"showImageEffects":true,"showParticleSystems":true,"showVisualEffectGraphs":true,"m_FxEnabled":true},"in2DMode":false,"pivot":{"x":-1.7881393432617188e-7,"y":1.8931485414505005,"z":0.711275577545166},"rotation":{"x":-0.015514680184423924,"y":-0.9780941605567932,"z":0.19197532534599305,"w":-0.07911209762096405},"size":2.4532084465026857,"orthographic":false}