{"cameraMode":{"drawMode":0,"name":"Shaded","section":"Shading Mode"},"sceneLighting":false,"audioPlay":false,"sceneViewState":{"showFog":true,"showMaterialUpdate":false,"showSkybox":false,"showFlares":true,"showImageEffects":true,"showParticleSystems":true,"showVisualEffectGraphs":true,"m_FxEnabled":true},"in2DMode":false,"pivot":{"x":-1.7667871713638306,"y":0.5022165179252625,"z":-3.0644729137420656},"rotation":{"x":0.036177124828100207,"y":0.9636915326118469,"z":-0.1951596587896347,"w":0.17865170538425446},"size":1.5000174045562745,"orthographic":false}