{"cameraMode":{"drawMode":0,"name":"Shaded","section":"Shading Mode"},"sceneLighting":false,"audioPlay":false,"sceneViewState":{"showFog":true,"showMaterialUpdate":false,"showSkybox":false,"showFlares":true,"showImageEffects":true,"showParticleSystems":true,"showVisualEffectGraphs":true,"m_FxEnabled":true},"in2DMode":false,"pivot":{"x":-0.007994592189788819,"y":1.2408475875854493,"z":0.27467161417007449},"rotation":{"x":0.014286097139120102,"y":-0.5895336270332336,"z":-0.01043176930397749,"w":-0.8075621128082275},"size":1.4389349222183228,"orthographic":false}