{"cameraMode":{"drawMode":0,"name":"Shaded","section":"Shading Mode"},"sceneLighting":false,"audioPlay":false,"sceneViewState":{"showFog":true,"showMaterialUpdate":false,"showSkybox":false,"showFlares":true,"showImageEffects":true,"showParticleSystems":true,"showVisualEffectGraphs":true,"m_FxEnabled":true},"in2DMode":false,"pivot":{"x":1.9700696468353272,"y":1.6717559099197388,"z":0.7671085596084595},"rotation":{"x":-0.015514680184423924,"y":-0.9780941605567932,"z":0.19197532534599305,"w":-0.07911209762096405},"size":2.5517592430114748,"orthographic":false}