{"cameraMode":{"drawMode":0,"name":"Shaded","section":"Shading Mode"},"sceneLighting":false,"audioPlay":false,"sceneViewState":{"showFog":true,"showMaterialUpdate":false,"showSkybox":false,"showFlares":true,"showImageEffects":true,"showParticleSystems":true,"showVisualEffectGraphs":true,"m_FxEnabled":true},"in2DMode":false,"pivot":{"x":14.010000228881836,"y":14.359999656677246,"z":-56.37999725341797},"rotation":{"x":0.041809577494859698,"y":-0.6096506714820862,"z":0.03222132474184036,"w":0.7909175753593445},"size":2.5950000286102297,"orthographic":false}