{"cameraMode":{"drawMode":0,"name":"Shaded","section":"Shading Mode"},"sceneLighting":false,"audioPlay":false,"sceneViewState":{"showFog":true,"showMaterialUpdate":false,"showSkybox":false,"showFlares":true,"showImageEffects":true,"showParticleSystems":true,"showVisualEffectGraphs":true,"m_FxEnabled":true},"in2DMode":false,"pivot":{"x":-17.720415115356447,"y":12.360173225402832,"z":74.08674621582031},"rotation":{"x":-0.00017160018614958972,"y":0.9993513822555542,"z":-0.0048066661693155769,"w":-0.03569101169705391},"size":8.147558212280274,"orthographic":false}