{"cameraMode":{"drawMode":0,"name":"Shaded","section":"Shading Mode"},"sceneLighting":true,"audioPlay":false,"sceneViewState":{"showFog":true,"showMaterialUpdate":false,"showSkybox":true,"showFlares":true,"showImageEffects":true,"showParticleSystems":true,"showVisualEffectGraphs":true,"m_FxEnabled":true},"in2DMode":false,"pivot":{"x":1.0999755859375,"y":2.8074951171875,"z":17.329010009765626},"rotation":{"x":-0.00013703799049835652,"y":0.9998496174812317,"z":0.014688829891383648,"w":0.009299883618950844},"size":12.12435531616211,"orthographic":false}