{"cameraMode":{"drawMode":0,"name":"Shaded","section":"Shading Mode"},"sceneLighting":true,"audioPlay":false,"sceneViewState":{"showFog":true,"showMaterialUpdate":false,"showSkybox":true,"showFlares":true,"showImageEffects":true,"showParticleSystems":true,"showVisualEffectGraphs":true,"m_FxEnabled":true},"in2DMode":false,"pivot":{"x":-0.35701483488082888,"y":0.3523368835449219,"z":1.638437271118164},"rotation":{"x":-0.30009111762046816,"y":-0.012307637371122837,"z":0.00387547817081213,"w":-0.9538393616676331},"size":1.8631582260131837,"orthographic":false}