{"cameraMode":{"drawMode":0,"name":"Shaded","section":"Shading Mode"},"sceneLighting":true,"audioPlay":false,"sceneViewState":{"showFog":true,"showMaterialUpdate":false,"showSkybox":true,"showFlares":true,"showImageEffects":true,"showParticleSystems":true,"showVisualEffectGraphs":true,"m_FxEnabled":true},"in2DMode":false,"pivot":{"x":-19.261228561401368,"y":305.07977294921877,"z":-44.26701736450195},"rotation":{"x":0.0012914774706587196,"y":0.6936126351356506,"z":-0.7203565835952759,"w":0.0012522193137556315},"size":73.56509399414063,"orthographic":true}