{"cameraMode":{"drawMode":0,"name":"Shaded","section":"Shading Mode"},"sceneLighting":true,"audioPlay":false,"sceneViewState":{"showFog":true,"showMaterialUpdate":false,"showSkybox":true,"showFlares":true,"showImageEffects":true,"showParticleSystems":true,"showVisualEffectGraphs":true,"m_FxEnabled":true},"in2DMode":false,"pivot":{"x":880.6184692382813,"y":333.48406982421877,"z":45.465972900390628},"rotation":{"x":-0.04829057306051254,"y":0.008088800124824047,"z":-0.00038983524427749217,"w":-0.9988250136375427},"size":355.88226318359377,"orthographic":false}