{"cameraMode":{"drawMode":0,"name":"Shaded","section":"Shading Mode"},"sceneLighting":true,"audioPlay":false,"sceneViewState":{"showFog":true,"showMaterialUpdate":false,"showSkybox":true,"showFlares":true,"showImageEffects":true,"showParticleSystems":true,"showVisualEffectGraphs":true,"m_FxEnabled":true},"in2DMode":false,"pivot":{"x":0.163810133934021,"y":-0.8190627098083496,"z":-7.062684535980225},"rotation":{"x":0.0042488607577979568,"y":0.8384602069854736,"z":-0.5449215173721314,"w":0.0065426696091890339},"size":4.313426494598389,"orthographic":false}