{"cameraMode":{"drawMode":0,"name":"Shaded","section":"Shading Mode"},"sceneLighting":true,"audioPlay":false,"sceneViewState":{"showFog":true,"showMaterialUpdate":false,"showSkybox":true,"showFlares":true,"showImageEffects":true,"showParticleSystems":true,"showVisualEffectGraphs":true,"m_FxEnabled":true},"in2DMode":false,"pivot":{"x":-1.0084693431854249,"y":3.0177955627441408,"z":7.758868217468262},"rotation":{"x":-0.08271683007478714,"y":0.002090858994051814,"z":-0.00017151237989310175,"w":-0.9965931177139282},"size":0.6421841382980347,"orthographic":false}