{"cameraMode":{"drawMode":0,"name":"Shaded","section":"Shading Mode"},"sceneLighting":true,"audioPlay":false,"sceneViewState":{"showFog":true,"showMaterialUpdate":false,"showSkybox":true,"showFlares":true,"showImageEffects":true,"showParticleSystems":true,"showVisualEffectGraphs":true,"m_FxEnabled":true},"in2DMode":false,"pivot":{"x":0.6321074962615967,"y":2.2673041820526125,"z":1.5530266761779786},"rotation":{"x":-0.0007728160126134753,"y":0.9829771518707275,"z":-0.1837601214647293,"w":-0.00412846589460969},"size":2.1631581783294679,"orthographic":false}