{"cameraMode":{"drawMode":0,"name":"Shaded","section":"Shading Mode"},"sceneLighting":true,"audioPlay":false,"sceneViewState":{"showFog":true,"showMaterialUpdate":false,"showSkybox":true,"showFlares":true,"showImageEffects":true,"showParticleSystems":true,"showVisualEffectGraphs":true,"m_FxEnabled":true},"in2DMode":false,"pivot":{"x":-3.714921712875366,"y":-3.6730566024780275,"z":18.958200454711915},"rotation":{"x":0.0009329376625828445,"y":-0.9948909282684326,"z":0.1006358340382576,"w":0.009245657362043858},"size":16.02638053894043,"orthographic":false}