{"cameraMode":{"drawMode":0,"name":"Shaded","section":"Shading Mode"},"sceneLighting":true,"audioPlay":false,"sceneViewState":{"showFog":true,"showMaterialUpdate":false,"showSkybox":true,"showFlares":true,"showImageEffects":true,"showParticleSystems":true,"showVisualEffectGraphs":true,"m_FxEnabled":true},"in2DMode":false,"pivot":{"x":0.2968122661113739,"y":-1.1665759086608887,"z":-11.764214515686036},"rotation":{"x":-0.00007867691601859406,"y":-0.9959290027618408,"z":0.09018730372190476,"w":-0.0008905656286515296},"size":10.241628646850586,"orthographic":false}