{"cameraMode":{"drawMode":0,"name":"Shaded","section":"Shading Mode"},"sceneLighting":true,"audioPlay":false,"sceneViewState":{"showFog":true,"showMaterialUpdate":false,"showSkybox":true,"showFlares":true,"showImageEffects":true,"showParticleSystems":true,"showVisualEffectGraphs":true,"m_FxEnabled":true},"in2DMode":false,"pivot":{"x":-25.915813446044923,"y":32.589630126953128,"z":-48.60821533203125},"rotation":{"x":-0.15784579515457154,"y":0.8140586614608765,"z":-0.49497970938682558,"w":-0.25959908962249758},"size":111.98664093017578,"orthographic":false}