{"cameraMode":{"drawMode":0,"name":"Shaded","section":"Shading Mode"},"sceneLighting":false,"audioPlay":false,"sceneViewState":{"showFog":true,"showMaterialUpdate":false,"showSkybox":false,"showFlares":true,"showImageEffects":true,"showParticleSystems":true,"showVisualEffectGraphs":true,"m_FxEnabled":true},"in2DMode":false,"pivot":{"x":0.48160314559936526,"y":1.1841727495193482,"z":-4.507816314697266},"rotation":{"x":0.09082642197608948,"y":0.22213229537010194,"z":-0.020789511501789094,"w":0.970562219619751},"size":2.035069227218628,"orthographic":false}