{"cameraMode":{"drawMode":0,"name":"Shaded","section":"Shading Mode"},"sceneLighting":false,"audioPlay":false,"sceneViewState":{"showFog":true,"showMaterialUpdate":false,"showSkybox":false,"showFlares":true,"showImageEffects":true,"showParticleSystems":true,"showVisualEffectGraphs":true,"m_FxEnabled":true},"in2DMode":false,"pivot":{"x":0.1510351300239563,"y":0.9240989089012146,"z":0.02565624564886093},"rotation":{"x":0.04667361453175545,"y":-0.9442371726036072,"z":0.15316535532474519,"w":0.287739098072052},"size":1.5653455257415772,"orthographic":false}