{"cameraMode":{"drawMode":0,"name":"Shaded","section":"Shading Mode"},"sceneLighting":false,"audioPlay":false,"sceneViewState":{"showFog":true,"showMaterialUpdate":false,"showSkybox":false,"showFlares":true,"showImageEffects":true,"showParticleSystems":true,"showVisualEffectGraphs":true,"m_FxEnabled":true},"in2DMode":false,"pivot":{"x":-1.3107786178588868,"y":1.1956067085266114,"z":0.07848723232746124},"rotation":{"x":0.0042401268146932129,"y":0.9952698945999146,"z":-0.08260724693536759,"w":0.05110360309481621},"size":3.1471312046051027,"orthographic":false}